"BA Code","Timestamp (Hour Ending)","Demand (MWh)","Demand Forecast (MWh)","Net Generation (MWh)","Total Interchange (MWh)"
LDWP,"8/1/2021 12 a.m. PDT",3281,2957,3102,-179
LDWP,"8/1/2021 1 a.m. PDT",3278,2975,2698,-580
LDWP,"8/1/2021 2 a.m. PDT",3100,2823,2387,-713
LDWP,"8/1/2021 3 a.m. PDT",2951,2708,2018,-933
LDWP,"8/1/2021 4 a.m. PDT",2843,2622,1986,-857
LDWP,"8/1/2021 5 a.m. PDT",2784,2571,1982,-802
LDWP,"8/1/2021 6 a.m. PDT",2756,2539,1966,-790
LDWP,"8/1/2021 7 a.m. PDT",2706,2425,2012,-694
LDWP,"8/1/2021 8 a.m. PDT",2989,2485,2123,-866
LDWP,"8/1/2021 9 a.m. PDT",3144,2635,2375,-769
LDWP,"8/1/2021 10 a.m. PDT",3327,2801,2485,-841
LDWP,"8/1/2021 11 a.m. PDT",3562,2976,2680,-882
LDWP,"8/1/2021 12 p.m. PDT",3841,3129,2787,-1054
LDWP,"8/1/2021 1 p.m. PDT",3912,3324,3095,-817
LDWP,"8/1/2021 2 p.m. PDT",3976,3538,3224,-753
LDWP,"8/1/2021 3 p.m. PDT",4201,3707,3785,-415
LDWP,"8/1/2021 4 p.m. PDT",4229,3846,4052,-177
LDWP,"8/1/2021 5 p.m. PDT",4149,3934,4517,369
LDWP,"8/1/2021 6 p.m. PDT",4110,3950,4533,423
LDWP,"8/1/2021 7 p.m. PDT",3943,3851,4368,425
LDWP,"8/1/2021 8 p.m. PDT",3720,3672,4189,469
LDWP,"8/1/2021 9 p.m. PDT",3603,3603,4040,438
LDWP,"8/1/2021 10 p.m. PDT",3411,3462,4028,617
LDWP,"8/1/2021 11 p.m. PDT",3252,3240,3432,180
LDWP,"8/2/2021 12 a.m. PDT",2992,3040,3253,261
LDWP,"8/2/2021 1 a.m. PDT",2857,2806,3134,277
LDWP,"8/2/2021 2 a.m. PDT",2875,2621,3115,240
LDWP,"8/2/2021 3 a.m. PDT",2749,2499,3143,394
LDWP,"8/2/2021 4 a.m. PDT",2667,2425,3193,525
LDWP,"8/2/2021 5 a.m. PDT",2703,2426,3130,426
LDWP,"8/2/2021 6 a.m. PDT",2771,2512,3279,508
LDWP,"8/2/2021 7 a.m. PDT",2912,2615,3332,420
LDWP,"8/2/2021 8 a.m. PDT",3144,2817,3467,323
LDWP,"8/2/2021 9 a.m. PDT",3394,3062,3484,89
LDWP,"8/2/2021 10 a.m. PDT",3640,3260,3330,-310
LDWP,"8/2/2021 11 a.m. PDT",3929,3436,3274,-655
LDWP,"8/2/2021 12 p.m. PDT",4018,3629,3511,-507
LDWP,"8/2/2021 1 p.m. PDT",4358,3837,4063,-295
LDWP,"8/2/2021 2 p.m. PDT",4542,4098,4488,-54
LDWP,"8/2/2021 3 p.m. PDT",4622,4315,4963,341
LDWP,"8/2/2021 4 p.m. PDT",4752,4497,5133,381
LDWP,"8/2/2021 5 p.m. PDT",4833,4575,5180,348
LDWP,"8/2/2021 6 p.m. PDT",4824,4557,4938,115
LDWP,"8/2/2021 7 p.m. PDT",4601,4345,4720,119
LDWP,"8/2/2021 8 p.m. PDT",4290,4057,4500,210
LDWP,"8/2/2021 9 p.m. PDT",4093,3946,4353,259
LDWP,"8/2/2021 10 p.m. PDT",3814,3717,3973,158
LDWP,"8/2/2021 11 p.m. PDT",3501,3381,3595,94
LDWP,"8/3/2021 12 a.m. PDT",3183,3087,3438,255
LDWP,"8/3/2021 1 a.m. PDT",2894,2807,3209,315
LDWP,"8/3/2021 2 a.m. PDT",2911,2619,3248,337
LDWP,"8/3/2021 3 a.m. PDT",3075,2494,3129,54
LDWP,"8/3/2021 4 a.m. PDT",2966,2415,3019,54
LDWP,"8/3/2021 5 a.m. PDT",2938,2400,2989,51
LDWP,"8/3/2021 6 a.m. PDT",2950,2460,3185,235
LDWP,"8/3/2021 7 a.m. PDT",3006,2547,3352,346
LDWP,"8/3/2021 8 a.m. PDT",3381,2727,3430,49
LDWP,"8/3/2021 9 a.m. PDT",3671,2959,3554,-117
LDWP,"8/3/2021 10 a.m. PDT",3915,3158,3308,-607
LDWP,"8/3/2021 11 a.m. PDT",4195,3358,3298,-897
LDWP,"8/3/2021 12 p.m. PDT",4269,3543,3518,-752
LDWP,"8/3/2021 1 p.m. PDT",4216,3785,3948,-268
LDWP,"8/3/2021 2 p.m. PDT",4373,4045,4464,91
LDWP,"8/3/2021 3 p.m. PDT",4610,4270,5080,469
LDWP,"8/3/2021 4 p.m. PDT",4776,4446,5229,453
LDWP,"8/3/2021 5 p.m. PDT",4814,4538,5075,261
LDWP,"8/3/2021 6 p.m. PDT",4792,4491,5028,237
LDWP,"8/3/2021 7 p.m. PDT",4579,4270,4935,357
LDWP,"8/3/2021 8 p.m. PDT",4263,4000,4649,385
LDWP,"8/3/2021 9 p.m. PDT",4037,3861,4343,306
LDWP,"8/3/2021 10 p.m. PDT",3776,3634,4264,488
LDWP,"8/3/2021 11 p.m. PDT",3506,3350,3668,162
LDWP,"8/4/2021 12 a.m. PDT",3383,3078,3458,75
LDWP,"8/4/2021 1 a.m. PDT",3225,2814,3403,178
LDWP,"8/4/2021 2 a.m. PDT",3023,2630,3259,235
LDWP,"8/4/2021 3 a.m. PDT",2900,2506,3117,217
LDWP,"8/4/2021 4 a.m. PDT",2979,2426,3195,216
LDWP,"8/4/2021 5 a.m. PDT",2961,2413,3242,281
LDWP,"8/4/2021 6 a.m. PDT",3007,2477,3332,326
LDWP,"8/4/2021 7 a.m. PDT",3064,2553,3449,385
LDWP,"8/4/2021 8 a.m. PDT",3485,2720,3525,40
LDWP,"8/4/2021 9 a.m. PDT",3490,2941,3441,-49
LDWP,"8/4/2021 10 a.m. PDT",3742,3128,3435,-307
LDWP,"8/4/2021 11 a.m. PDT",4034,3315,3848,-186
LDWP,"8/4/2021 12 p.m. PDT",4330,3482,4318,-12
LDWP,"8/4/2021 1 p.m. PDT",4339,3712,4575,235
LDWP,"8/4/2021 2 p.m. PDT",4513,3951,5007,494
LDWP,"8/4/2021 3 p.m. PDT",4530,4168,5216,685
LDWP,"8/4/2021 4 p.m. PDT",4674,4331,5256,582
LDWP,"8/4/2021 5 p.m. PDT",4756,4410,5139,383
LDWP,"8/4/2021 6 p.m. PDT",4676,4364,4968,292
LDWP,"8/4/2021 7 p.m. PDT",4392,4147,4773,381
LDWP,"8/4/2021 8 p.m. PDT",4094,3896,4386,292
LDWP,"8/4/2021 9 p.m. PDT",3926,3761,4162,236
LDWP,"8/4/2021 10 p.m. PDT",3715,3535,4038,323
LDWP,"8/4/2021 11 p.m. PDT",3464,3281,3671,207
LDWP,"8/5/2021 12 a.m. PDT",3151,3023,3392,241
LDWP,"8/5/2021 1 a.m. PDT",2916,2867,3216,300
LDWP,"8/5/2021 2 a.m. PDT",2959,2683,2999,40
LDWP,"8/5/2021 3 a.m. PDT",2961,2556,3160,199
LDWP,"8/5/2021 4 a.m. PDT",3094,2474,3266,173
LDWP,"8/5/2021 5 a.m. PDT",3071,2459,3280,208
LDWP,"8/5/2021 6 a.m. PDT",3117,2522,3355,238
LDWP,"8/5/2021 7 a.m. PDT",2993,2597,3429,436
LDWP,"8/5/2021 8 a.m. PDT",3218,2768,3552,334
LDWP,"8/5/2021 9 a.m. PDT",3512,2996,3684,172
LDWP,"8/5/2021 10 a.m. PDT",3798,3192,3971,173
LDWP,"8/5/2021 11 a.m. PDT",3840,3382,4117,278
LDWP,"8/5/2021 12 p.m. PDT",4061,3558,4429,368
LDWP,"8/5/2021 1 p.m. PDT",4116,3787,4801,685
LDWP,"8/5/2021 2 p.m. PDT",4298,4041,4814,516
LDWP,"8/5/2021 3 p.m. PDT",4462,4260,5093,631
LDWP,"8/5/2021 4 p.m. PDT",4451,4429,5272,821
LDWP,"8/5/2021 5 p.m. PDT",4665,4498,5134,469
LDWP,"8/5/2021 6 p.m. PDT",4577,4453,5081,504
LDWP,"8/5/2021 7 p.m. PDT",4362,4224,4842,480
LDWP,"8/5/2021 8 p.m. PDT",4076,3963,4385,309
LDWP,"8/5/2021 9 p.m. PDT",3899,3816,4293,393
LDWP,"8/5/2021 10 p.m. PDT",3744,3600,3962,218
LDWP,"8/5/2021 11 p.m. PDT",3471,3312,3554,83
LDWP,"8/6/2021 12 a.m. PDT",3119,3072,3525,405
LDWP,"8/6/2021 1 a.m. PDT",3283,2866,3146,-137
LDWP,"8/6/2021 2 a.m. PDT",3163,2683,3094,-69
LDWP,"8/6/2021 3 a.m. PDT",3258,2535,2871,-387
LDWP,"8/6/2021 4 a.m. PDT",3174,2430,2861,-313
LDWP,"8/6/2021 5 a.m. PDT",3131,2425,2655,-475
LDWP,"8/6/2021 6 a.m. PDT",3222,2494,2867,-355
LDWP,"8/6/2021 7 a.m. PDT",3349,2617,3105,-244
LDWP,"8/6/2021 8 a.m. PDT",3497,2859,3157,-340
LDWP,"8/6/2021 9 a.m. PDT",3705,3077,2994,-711
LDWP,"8/6/2021 10 a.m. PDT",3921,3301,2907,-1015
LDWP,"8/6/2021 11 a.m. PDT",3961,3548,3003,-957
LDWP,"8/6/2021 12 p.m. PDT",3879,3783,3026,-853
LDWP,"8/6/2021 1 p.m. PDT",4048,3976,3162,-886
LDWP,"8/6/2021 2 p.m. PDT",4173,4110,3470,-703
LDWP,"8/6/2021 3 p.m. PDT",4308,4264,3756,-552
LDWP,"8/6/2021 4 p.m. PDT",4400,4374,3830,-570
LDWP,"8/6/2021 5 p.m. PDT",4371,4475,3829,-543
LDWP,"8/6/2021 6 p.m. PDT",4358,4409,3878,-480
LDWP,"8/6/2021 7 p.m. PDT",4144,4348,3604,-540
LDWP,"8/6/2021 8 p.m. PDT",3879,4129,3688,-191
LDWP,"8/6/2021 9 p.m. PDT",3742,3883,3624,-118
LDWP,"8/6/2021 10 p.m. PDT",3533,3760,3407,-126
LDWP,"8/6/2021 11 p.m. PDT",3404,3539,3227,-177
LDWP,"8/7/2021 12 a.m. PDT",3265,3234,2629,-636
LDWP,"8/7/2021 1 a.m. PDT",2986,2704,2374,-613
LDWP,"8/7/2021 2 a.m. PDT",2806,2537,2194,-612
LDWP,"8/7/2021 3 a.m. PDT",2664,2417,2142,-522
LDWP,"8/7/2021 4 a.m. PDT",2572,2324,2148,-423
LDWP,"8/7/2021 5 a.m. PDT",2536,2281,2112,-423
LDWP,"8/7/2021 6 a.m. PDT",2532,2280,1890,-642
LDWP,"8/7/2021 7 a.m. PDT",2572,2255,1891,-681
LDWP,"8/7/2021 8 a.m. PDT",2564,2337,2151,-413
LDWP,"8/7/2021 9 a.m. PDT",2925,2512,2388,-537
LDWP,"8/7/2021 10 a.m. PDT",3151,2668,2325,-825
LDWP,"8/7/2021 11 a.m. PDT",3340,2791,2382,-957
LDWP,"8/7/2021 12 p.m. PDT",3314,2950,2388,-926
LDWP,"8/7/2021 1 p.m. PDT",3469,3092,2579,-890
LDWP,"8/7/2021 2 p.m. PDT",3680,3240,2810,-870
LDWP,"8/7/2021 3 p.m. PDT",3882,3384,2941,-941
LDWP,"8/7/2021 4 p.m. PDT",3962,3524,3232,-730
LDWP,"8/7/2021 5 p.m. PDT",3997,3595,3278,-719
LDWP,"8/7/2021 6 p.m. PDT",3962,3605,3175,-787
LDWP,"8/7/2021 7 p.m. PDT",3854,3502,3085,-769
LDWP,"8/7/2021 8 p.m. PDT",3630,3329,3097,-532
LDWP,"8/7/2021 9 p.m. PDT",3513,3248,3375,-138
LDWP,"8/7/2021 10 p.m. PDT",3357,3085,3024,-334
LDWP,"8/7/2021 11 p.m. PDT",3235,2903,2736,-498
LDWP,"8/8/2021 12 a.m. PDT",2968,2730,2502,-466
LDWP,"8/8/2021 1 a.m. PDT",2791,2527,2442,-349
LDWP,"8/8/2021 2 a.m. PDT",2605,2385,2256,-349
LDWP,"8/8/2021 3 a.m. PDT",2592,2280,2176,-416
LDWP,"8/8/2021 4 a.m. PDT",2583,2202,2145,-438
LDWP,"8/8/2021 5 a.m. PDT",2535,2159,2136,-399
LDWP,"8/8/2021 6 a.m. PDT",2525,2146,2164,-361
LDWP,"8/8/2021 7 a.m. PDT",2534,2087,2180,-354
LDWP,"8/8/2021 8 a.m. PDT",2558,2138,2119,-439
LDWP,"8/8/2021 9 a.m. PDT",2651,2276,2282,-369
LDWP,"8/8/2021 10 a.m. PDT",2785,2407,2482,-303
LDWP,"8/8/2021 11 a.m. PDT",2941,2525,2689,-252
LDWP,"8/8/2021 12 p.m. PDT",3121,2682,2776,-344
LDWP,"8/8/2021 1 p.m. PDT",3321,2831,3095,-226
LDWP,"8/8/2021 2 p.m. PDT",3550,3002,3257,-293
LDWP,"8/8/2021 3 p.m. PDT",3825,3192,3514,-311
LDWP,"8/8/2021 4 p.m. PDT",4083,3327,4047,-36
LDWP,"8/8/2021 5 p.m. PDT",4277,3420,4431,155
LDWP,"8/8/2021 6 p.m. PDT",4292,3451,4903,611
LDWP,"8/8/2021 7 p.m. PDT",4069,3374,4662,594
LDWP,"8/8/2021 8 p.m. PDT",3828,3227,4573,745
LDWP,"8/8/2021 9 p.m. PDT",3709,3157,4519,810
LDWP,"8/8/2021 10 p.m. PDT",3521,2997,4150,629
LDWP,"8/8/2021 11 p.m. PDT",3261,2809,3593,331
LDWP,"8/9/2021 12 a.m. PDT",2988,2614,3347,359
LDWP,"8/9/2021 1 a.m. PDT",3186,2447,3156,-30
LDWP,"8/9/2021 2 a.m. PDT",3241,2314,2862,-379
LDWP,"8/9/2021 3 a.m. PDT",3124,2228,2779,-345
LDWP,"8/9/2021 4 a.m. PDT",3056,2173,2594,-462
LDWP,"8/9/2021 5 a.m. PDT",3064,2182,2516,-547
LDWP,"8/9/2021 6 a.m. PDT",3171,2264,2716,-455
LDWP,"8/9/2021 7 a.m. PDT",2828,2360,3033,206
LDWP,"8/9/2021 8 a.m. PDT",2987,2519,3430,443
LDWP,"8/9/2021 9 a.m. PDT",3127,2746,3489,362
LDWP,"8/9/2021 10 a.m. PDT",3198,2926,3375,177
LDWP,"8/9/2021 11 a.m. PDT",3112,3098,3381,269
LDWP,"8/9/2021 12 p.m. PDT",3264,3266,3514,250
LDWP,"8/9/2021 1 p.m. PDT",3508,3478,3797,289
LDWP,"8/9/2021 2 p.m. PDT",3802,3695,4194,391
LDWP,"8/9/2021 3 p.m. PDT",4081,3912,4864,784
LDWP,"8/9/2021 4 p.m. PDT",4255,4077,4967,712
LDWP,"8/9/2021 5 p.m. PDT",4328,4149,4903,575
LDWP,"8/9/2021 6 p.m. PDT",4306,4127,4703,397
LDWP,"8/9/2021 7 p.m. PDT",4077,3931,4530,453
LDWP,"8/9/2021 8 p.m. PDT",3823,3711,4422,598
LDWP,"8/9/2021 9 p.m. PDT",3658,3587,4539,881
LDWP,"8/9/2021 10 p.m. PDT",3430,3361,4354,924
LDWP,"8/9/2021 11 p.m. PDT",3158,3101,3608,451
LDWP,"8/10/2021 12 a.m. PDT",2872,2854,3357,485
LDWP,"8/10/2021 1 a.m. PDT",2762,2554,3047,285
LDWP,"8/10/2021 2 a.m. PDT",2918,2397,2746,-172
LDWP,"8/10/2021 3 a.m. PDT",2769,2292,2486,-283
LDWP,"8/10/2021 4 a.m. PDT",2646,2225,2472,-174
LDWP,"8/10/2021 5 a.m. PDT",2641,2217,2605,-36
LDWP,"8/10/2021 6 a.m. PDT",2751,2284,3001,250
LDWP,"8/10/2021 7 a.m. PDT",2921,2370,3361,440
LDWP,"8/10/2021 8 a.m. PDT",3049,2516,3410,360
LDWP,"8/10/2021 9 a.m. PDT",3240,2716,3310,70
LDWP,"8/10/2021 10 a.m. PDT",3443,2874,3284,-159
LDWP,"8/10/2021 11 a.m. PDT",3684,3018,3177,-507
LDWP,"8/10/2021 12 p.m. PDT",3710,3203,3148,-563
LDWP,"8/10/2021 1 p.m. PDT",3975,3396,3549,-425
LDWP,"8/10/2021 2 p.m. PDT",4204,3624,3925,-279
LDWP,"8/10/2021 3 p.m. PDT",4299,3830,4458,159
LDWP,"8/10/2021 4 p.m. PDT",4518,4010,4808,290
LDWP,"8/10/2021 5 p.m. PDT",4636,4093,4882,246
LDWP,"8/10/2021 6 p.m. PDT",4597,4070,4668,71
LDWP,"8/10/2021 7 p.m. PDT",4356,3885,4588,231
LDWP,"8/10/2021 8 p.m. PDT",4055,3675,4439,385
LDWP,"8/10/2021 9 p.m. PDT",3899,3569,4336,437
LDWP,"8/10/2021 10 p.m. PDT",3619,3359,3910,291
LDWP,"8/10/2021 11 p.m. PDT",3304,3104,3511,208
LDWP,"8/11/2021 12 a.m. PDT",2984,2847,3337,353
LDWP,"8/11/2021 1 a.m. PDT",2877,2800,3042,166
LDWP,"8/11/2021 2 a.m. PDT",2924,2625,2689,-235
LDWP,"8/11/2021 3 a.m. PDT",3024,2475,2489,-534
LDWP,"8/11/2021 4 a.m. PDT",2932,2375,2247,-685
LDWP,"8/11/2021 5 a.m. PDT",3106,2350,2365,-741
LDWP,"8/11/2021 6 a.m. PDT",3308,2425,2366,-942
LDWP,"8/11/2021 7 a.m. PDT",3227,2500,2701,-526
LDWP,"8/11/2021 8 a.m. PDT",3408,2675,3171,-236
LDWP,"8/11/2021 9 a.m. PDT",3627,2925,3669,42
LDWP,"8/11/2021 10 a.m. PDT",3825,3150,3775,-50
LDWP,"8/11/2021 11 a.m. PDT",4177,3400,3905,-271
LDWP,"8/11/2021 12 p.m. PDT",4288,3700,3944,-343
LDWP,"8/11/2021 1 p.m. PDT",4402,3950,4753,350
LDWP,"8/11/2021 2 p.m. PDT",4483,4125,4482,-1
LDWP,"8/11/2021 3 p.m. PDT",4407,4200,4692,284
LDWP,"8/11/2021 4 p.m. PDT",4139,4375,4884,745
LDWP,"8/11/2021 5 p.m. PDT",4112,4500,4973,861
LDWP,"8/11/2021 6 p.m. PDT",4021,4550,4580,559
LDWP,"8/11/2021 7 p.m. PDT",3795,4300,4346,551
LDWP,"8/11/2021 8 p.m. PDT",3680,4025,4290,610
LDWP,"8/11/2021 9 p.m. PDT",3626,3900,3871,245
LDWP,"8/11/2021 10 p.m. PDT",3470,3700,3481,11
LDWP,"8/11/2021 11 p.m. PDT",3219,3425,3397,178
LDWP,"8/12/2021 12 a.m. PDT",3094,3125,3263,169
LDWP,"8/12/2021 1 a.m. PDT",3409,2914,3015,-394
LDWP,"8/12/2021 2 a.m. PDT",3253,2717,2758,-495
LDWP,"8/12/2021 3 a.m. PDT",3336,2580,2868,-468
LDWP,"8/12/2021 4 a.m. PDT",3227,2489,2639,-589
LDWP,"8/12/2021 5 a.m. PDT",3207,2467,2391,-816
LDWP,"8/12/2021 6 a.m. PDT",3302,2523,2597,-706
LDWP,"8/12/2021 7 a.m. PDT",3431,2618,2881,-550
LDWP,"8/12/2021 8 a.m. PDT",3614,2797,3195,-420
LDWP,"8/12/2021 9 a.m. PDT",3901,3046,3300,-602
LDWP,"8/12/2021 10 a.m. PDT",4158,3276,3239,-919
LDWP,"8/12/2021 11 a.m. PDT",4451,3502,3492,-960
LDWP,"8/12/2021 12 p.m. PDT",4527,3741,3916,-611
LDWP,"8/12/2021 1 p.m. PDT",4572,3987,4362,-210
LDWP,"8/12/2021 2 p.m. PDT",4749,4257,4557,-193
LDWP,"8/12/2021 3 p.m. PDT",4880,4458,4722,-157
LDWP,"8/12/2021 4 p.m. PDT",4979,4608,4984,5
LDWP,"8/12/2021 5 p.m. PDT",5031,4672,4920,-111
LDWP,"8/12/2021 6 p.m. PDT",4945,4609,4750,-195
LDWP,"8/12/2021 7 p.m. PDT",4637,4368,4435,-202
LDWP,"8/12/2021 8 p.m. PDT",4327,4118,4210,-117
LDWP,"8/12/2021 9 p.m. PDT",4165,3992,4098,-67
LDWP,"8/12/2021 10 p.m. PDT",4056,3768,3782,-273
LDWP,"8/12/2021 11 p.m. PDT",3751,3489,3518,-233
LDWP,"8/13/2021 12 a.m. PDT",3682,3188,3466,-216
LDWP,"8/13/2021 1 a.m. PDT",3388,2953,3005,-383
LDWP,"8/13/2021 2 a.m. PDT",3156,2740,2520,-636
LDWP,"8/13/2021 3 a.m. PDT",2969,2592,1969,-1000
LDWP,"8/13/2021 4 a.m. PDT",2852,2495,1890,-961
LDWP,"8/13/2021 5 a.m. PDT",2821,2475,1871,-950
LDWP,"8/13/2021 6 a.m. PDT",2893,2549,1866,-1027
LDWP,"8/13/2021 7 a.m. PDT",3018,2665,1936,-1081
LDWP,"8/13/2021 8 a.m. PDT",2971,2858,2234,-737
LDWP,"8/13/2021 9 a.m. PDT",3259,3111,2560,-699
LDWP,"8/13/2021 10 a.m. PDT",3494,3333,2746,-748
LDWP,"8/13/2021 11 a.m. PDT",3733,3557,2905,-828
LDWP,"8/13/2021 12 p.m. PDT",3966,3765,3059,-908
LDWP,"8/13/2021 1 p.m. PDT",4077,3991,2986,-1091
LDWP,"8/13/2021 2 p.m. PDT",4241,4217,3241,-1000
LDWP,"8/13/2021 3 p.m. PDT",4353,4415,3627,-726
LDWP,"8/13/2021 4 p.m. PDT",4440,4564,4151,-290
LDWP,"8/13/2021 5 p.m. PDT",4482,4625,4347,-134
LDWP,"8/13/2021 6 p.m. PDT",4396,4563,4503,107
LDWP,"8/13/2021 7 p.m. PDT",4117,4317,4459,342
LDWP,"8/13/2021 8 p.m. PDT",3806,4046,4211,405
LDWP,"8/13/2021 9 p.m. PDT",3656,3921,4062,406
LDWP,"8/13/2021 10 p.m. PDT",3529,3718,3575,46
LDWP,"8/13/2021 11 p.m. PDT",3264,3437,3336,72
LDWP,"8/14/2021 12 a.m. PDT",3009,3158,2891,-119
LDWP,"8/14/2021 1 a.m. PDT",3126,2768,2299,-826
LDWP,"8/14/2021 2 a.m. PDT",3003,2578,2254,-749
LDWP,"8/14/2021 3 a.m. PDT",2855,2443,2153,-702
LDWP,"8/14/2021 4 a.m. PDT",2975,2344,2152,-823
LDWP,"8/14/2021 5 a.m. PDT",2942,2292,1993,-949
LDWP,"8/14/2021 6 a.m. PDT",2947,2288,2003,-944
LDWP,"8/14/2021 7 a.m. PDT",2998,2279,2005,-993
LDWP,"8/14/2021 8 a.m. PDT",3097,2363,2239,-858
LDWP,"8/14/2021 9 a.m. PDT",3344,2559,2686,-657
LDWP,"8/14/2021 10 a.m. PDT",3570,2748,2834,-736
LDWP,"8/14/2021 11 a.m. PDT",3586,2927,2861,-725
LDWP,"8/14/2021 12 p.m. PDT",3854,3094,3065,-789
LDWP,"8/14/2021 1 p.m. PDT",4109,3274,3393,-716
LDWP,"8/14/2021 2 p.m. PDT",4306,3477,3646,-660
LDWP,"8/14/2021 3 p.m. PDT",4512,3625,4355,-157
LDWP,"8/14/2021 4 p.m. PDT",4680,3744,4698,18
LDWP,"8/14/2021 5 p.m. PDT",4685,3812,4660,-25
LDWP,"8/14/2021 6 p.m. PDT",4436,3804,4400,-36
LDWP,"8/14/2021 7 p.m. PDT",4230,3687,4612,382
LDWP,"8/14/2021 8 p.m. PDT",4092,3512,4369,278
LDWP,"8/14/2021 9 p.m. PDT",4021,3432,3988,-33
LDWP,"8/14/2021 10 p.m. PDT",3839,3266,3705,-134
LDWP,"8/14/2021 11 p.m. PDT",3568,3063,3582,14
LDWP,"8/15/2021 12 a.m. PDT",3309,2858,3323,14
LDWP,"8/15/2021 1 a.m. PDT",2984,2678,2921,-64
LDWP,"8/15/2021 2 a.m. PDT",2661,2510,2572,-88
LDWP,"8/15/2021 3 a.m. PDT",2532,2380,2266,-266
LDWP,"8/15/2021 4 a.m. PDT",2666,2289,2235,-431
LDWP,"8/15/2021 5 a.m. PDT",2610,2239,2218,-392
LDWP,"8/15/2021 6 a.m. PDT",2577,2224,2208,-369
LDWP,"8/15/2021 7 a.m. PDT",2548,2197,2227,-321
LDWP,"8/15/2021 8 a.m. PDT",2832,2263,2314,-517
LDWP,"8/15/2021 9 a.m. PDT",3076,2431,2317,-759
LDWP,"8/15/2021 10 a.m. PDT",3273,2628,2526,-746
LDWP,"8/15/2021 11 a.m. PDT",3509,2828,2783,-726
LDWP,"8/15/2021 12 p.m. PDT",3787,3030,2876,-912
LDWP,"8/15/2021 1 p.m. PDT",3611,3256,2983,-628
LDWP,"8/15/2021 2 p.m. PDT",3844,3497,3366,-479
LDWP,"8/15/2021 3 p.m. PDT",4124,3675,3761,-363
LDWP,"8/15/2021 4 p.m. PDT",4368,3823,4125,-244
LDWP,"8/15/2021 5 p.m. PDT",4311,3911,4563,252
LDWP,"8/15/2021 6 p.m. PDT",4294,3916,4695,402
LDWP,"8/15/2021 7 p.m. PDT",4181,3832,4756,575
LDWP,"8/15/2021 8 p.m. PDT",3977,3674,4580,603
LDWP,"8/15/2021 9 p.m. PDT",3856,3624,4249,393
LDWP,"8/15/2021 10 p.m. PDT",3685,3458,3787,103
LDWP,"8/15/2021 11 p.m. PDT",3359,3214,3254,-105
LDWP,"8/16/2021 12 a.m. PDT",3059,2947,2973,-86
LDWP,"8/16/2021 1 a.m. PDT",3226,2780,2644,-582
LDWP,"8/16/2021 2 a.m. PDT",3017,2611,2422,-595
LDWP,"8/16/2021 3 a.m. PDT",2878,2490,2386,-492
LDWP,"8/16/2021 4 a.m. PDT",2820,2418,2387,-434
LDWP,"8/16/2021 5 a.m. PDT",2835,2415,2376,-459
LDWP,"8/16/2021 6 a.m. PDT",2896,2504,2376,-520
LDWP,"8/16/2021 7 a.m. PDT",3084,2641,2473,-611
LDWP,"8/16/2021 8 a.m. PDT",3292,2831,3241,-51
LDWP,"8/16/2021 9 a.m. PDT",3556,3026,3887,331
LDWP,"8/16/2021 10 a.m. PDT",3836,3279,4122,285
LDWP,"8/16/2021 11 a.m. PDT",4109,3549,4015,-94
LDWP,"8/16/2021 12 p.m. PDT",4449,3816,3913,-536
LDWP,"8/16/2021 1 p.m. PDT",4500,4057,4038,-462
LDWP,"8/16/2021 2 p.m. PDT",4788,4300,4681,-106
LDWP,"8/16/2021 3 p.m. PDT",4971,4496,4893,-78
LDWP,"8/16/2021 4 p.m. PDT",4884,4632,4949,66
LDWP,"8/16/2021 5 p.m. PDT",4928,4673,4762,-167
LDWP,"8/16/2021 6 p.m. PDT",4827,4598,4753,-73
LDWP,"8/16/2021 7 p.m. PDT",4511,4360,4410,-100
LDWP,"8/16/2021 8 p.m. PDT",4237,4120,4220,-17
LDWP,"8/16/2021 9 p.m. PDT",4046,3986,4053,6
LDWP,"8/16/2021 10 p.m. PDT",3837,3755,3579,-258
LDWP,"8/16/2021 11 p.m. PDT",3669,3470,3313,-356
LDWP,"8/17/2021 12 a.m. PDT",3397,3158,3076,-322
LDWP,"8/17/2021 1 a.m. PDT",3408,3000,3010,-398
LDWP,"8/17/2021 2 a.m. PDT",3322,2804,3179,-142
LDWP,"8/17/2021 3 a.m. PDT",3432,2666,3183,-249
LDWP,"8/17/2021 4 a.m. PDT",3343,2580,3037,-306
LDWP,"8/17/2021 5 a.m. PDT",3325,2565,3261,-64
LDWP,"8/17/2021 6 a.m. PDT",3389,2639,3391,3
LDWP,"8/17/2021 7 a.m. PDT",3546,2753,3377,-170
LDWP,"8/17/2021 8 a.m. PDT",3747,2934,3526,-221
LDWP,"8/17/2021 9 a.m. PDT",3967,3172,3853,-114
LDWP,"8/17/2021 10 a.m. PDT",4242,3394,4070,-172
LDWP,"8/17/2021 11 a.m. PDT",4445,3623,4181,-264
LDWP,"8/17/2021 12 p.m. PDT",4395,3850,4061,-334
LDWP,"8/17/2021 1 p.m. PDT",4332,4084,3832,-500
LDWP,"8/17/2021 2 p.m. PDT",4628,4298,3875,-752
LDWP,"8/17/2021 3 p.m. PDT",4847,4496,4197,-650
LDWP,"8/17/2021 4 p.m. PDT",4747,4626,4316,-431
LDWP,"8/17/2021 5 p.m. PDT",4730,4667,4413,-317
LDWP,"8/17/2021 6 p.m. PDT",4601,4594,4394,-207
LDWP,"8/17/2021 7 p.m. PDT",4346,4366,4024,-322
LDWP,"8/17/2021 8 p.m. PDT",4189,4144,3566,-623
LDWP,"8/17/2021 9 p.m. PDT",4052,4037,3192,-859
LDWP,"8/17/2021 10 p.m. PDT",3705,3823,2949,-756
LDWP,"8/17/2021 11 p.m. PDT",3405,3542,2700,-705
LDWP,"8/18/2021 12 a.m. PDT",3189,3247,2646,-543
LDWP,"8/18/2021 1 a.m. PDT",3105,2912,2523,-582
LDWP,"8/18/2021 2 a.m. PDT",2957,2726,2504,-453
LDWP,"8/18/2021 3 a.m. PDT",2844,2599,2503,-341
LDWP,"8/18/2021 4 a.m. PDT",2759,2521,2468,-292
LDWP,"8/18/2021 5 a.m. PDT",2879,2512,2586,-294
LDWP,"8/18/2021 6 a.m. PDT",2981,2588,2515,-466
LDWP,"8/18/2021 7 a.m. PDT",3211,2703,2626,-584
LDWP,"8/18/2021 8 a.m. PDT",3359,2856,3084,-275
LDWP,"8/18/2021 9 a.m. PDT",3503,3055,3180,-323
LDWP,"8/18/2021 10 a.m. PDT",3611,3225,3172,-438
LDWP,"8/18/2021 11 a.m. PDT",3699,3371,3198,-501
LDWP,"8/18/2021 12 p.m. PDT",3718,3504,3200,-518
LDWP,"8/18/2021 1 p.m. PDT",3733,3654,3161,-572
LDWP,"8/18/2021 2 p.m. PDT",3770,3832,3371,-400
LDWP,"8/18/2021 3 p.m. PDT",3825,3980,3401,-425
LDWP,"8/18/2021 4 p.m. PDT",3861,4077,3544,-317
LDWP,"8/18/2021 5 p.m. PDT",3932,4105,3444,-488
LDWP,"8/18/2021 6 p.m. PDT",3910,4052,3447,-463
LDWP,"8/18/2021 7 p.m. PDT",3804,3869,3177,-627
LDWP,"8/18/2021 8 p.m. PDT",3793,3702,3193,-599
LDWP,"8/18/2021 9 p.m. PDT",3798,3629,3120,-678
LDWP,"8/18/2021 10 p.m. PDT",3673,3449,2913,-760
LDWP,"8/18/2021 11 p.m. PDT",3442,3212,2701,-741
LDWP,"8/19/2021 12 a.m. PDT",3190,2973,2571,-619
LDWP,"8/19/2021 1 a.m. PDT",2986,2666,2168,-818
LDWP,"8/19/2021 2 a.m. PDT",2842,2505,2249,-593
LDWP,"8/19/2021 3 a.m. PDT",2746,2398,2124,-622
LDWP,"8/19/2021 4 a.m. PDT",2674,2332,2077,-597
LDWP,"8/19/2021 5 a.m. PDT",2672,2324,2092,-580
LDWP,"8/19/2021 6 a.m. PDT",2755,2397,2116,-639
LDWP,"8/19/2021 7 a.m. PDT",2942,2499,2198,-744
LDWP,"8/19/2021 8 a.m. PDT",3097,2633,2511,-586
LDWP,"8/19/2021 9 a.m. PDT",3527,2815,2800,-726
LDWP,"8/19/2021 10 a.m. PDT",3693,2953,2813,-880
LDWP,"8/19/2021 11 a.m. PDT",3840,3054,2788,-1052
LDWP,"8/19/2021 12 p.m. PDT",3806,3171,2851,-954
LDWP,"8/19/2021 1 p.m. PDT",3827,3290,2984,-843
LDWP,"8/19/2021 2 p.m. PDT",3924,3427,3091,-832
LDWP,"8/19/2021 3 p.m. PDT",4038,3552,3213,-825
LDWP,"8/19/2021 4 p.m. PDT",4181,3644,3158,-1023
LDWP,"8/19/2021 5 p.m. PDT",4283,3681,3155,-1128
LDWP,"8/19/2021 6 p.m. PDT",4240,3640,3385,-855
LDWP,"8/19/2021 7 p.m. PDT",4065,3484,3310,-755
LDWP,"8/19/2021 8 p.m. PDT",3940,3334,3457,-484
LDWP,"8/19/2021 9 p.m. PDT",3901,3256,3276,-625
LDWP,"8/19/2021 10 p.m. PDT",3722,3091,2991,-731
LDWP,"8/19/2021 11 p.m. PDT",3456,2882,2847,-610
LDWP,"8/20/2021 12 a.m. PDT",3201,2680,2606,-595
LDWP,"8/20/2021 1 a.m. PDT",2984,2538,2335,-649
LDWP,"8/20/2021 2 a.m. PDT",2813,2401,2281,-532
LDWP,"8/20/2021 3 a.m. PDT",2704,2300,2111,-593
LDWP,"8/20/2021 4 a.m. PDT",2635,2236,2020,-615
LDWP,"8/20/2021 5 a.m. PDT",2638,2233,1970,-668
LDWP,"8/20/2021 6 a.m. PDT",2735,2309,1961,-774
LDWP,"8/20/2021 7 a.m. PDT",2939,2422,2032,-907
LDWP,"8/20/2021 8 a.m. PDT",3349,2556,2353,-996
LDWP,"8/20/2021 9 a.m. PDT",3518,2716,2611,-907
LDWP,"8/20/2021 10 a.m. PDT",3640,2838,2732,-908
LDWP,"8/20/2021 11 a.m. PDT",3730,2930,2735,-995
LDWP,"8/20/2021 12 p.m. PDT",3804,3020,2666,-1137
LDWP,"8/20/2021 1 p.m. PDT",3892,3100,2814,-1078
LDWP,"8/20/2021 2 p.m. PDT",3827,3211,2893,-933
LDWP,"8/20/2021 3 p.m. PDT",4001,3312,3138,-862
LDWP,"8/20/2021 4 p.m. PDT",4180,3384,3377,-803
LDWP,"8/20/2021 5 p.m. PDT",4271,3409,3432,-839
LDWP,"8/20/2021 6 p.m. PDT",4256,3377,3221,-1035
LDWP,"8/20/2021 7 p.m. PDT",4074,3244,3251,-823
LDWP,"8/20/2021 8 p.m. PDT",3896,3113,3142,-754
LDWP,"8/20/2021 9 p.m. PDT",3825,3060,2958,-867
LDWP,"8/20/2021 10 p.m. PDT",3662,2910,2911,-751
LDWP,"8/20/2021 11 p.m. PDT",3394,2732,2887,-507
LDWP,"8/21/2021 12 a.m. PDT",3169,2579,2622,-547
LDWP,"8/21/2021 1 a.m. PDT",2947,2684,2432,-515
LDWP,"8/21/2021 2 a.m. PDT",2781,2486,2387,-394
LDWP,"8/21/2021 3 a.m. PDT",2676,2341,2334,-342
LDWP,"8/21/2021 4 a.m. PDT",2617,2232,2242,-375
LDWP,"8/21/2021 5 a.m. PDT",2581,2267,2214,-367
LDWP,"8/21/2021 6 a.m. PDT",2603,2359,2241,-362
LDWP,"8/21/2021 7 a.m. PDT",2652,2537,2181,-471
LDWP,"8/21/2021 8 a.m. PDT",2955,2713,2175,-780
LDWP,"8/21/2021 9 a.m. PDT",3338,2859,2387,-951
LDWP,"8/21/2021 10 a.m. PDT",3469,2929,2522,-946
LDWP,"8/21/2021 11 a.m. PDT",3551,3034,2770,-781
LDWP,"8/21/2021 12 p.m. PDT",3612,3095,2819,-792
LDWP,"8/21/2021 1 p.m. PDT",3450,3133,2811,-639
LDWP,"8/21/2021 2 p.m. PDT",3366,3231,2817,-550
LDWP,"8/21/2021 3 p.m. PDT",3388,3355,2929,-460
LDWP,"8/21/2021 4 p.m. PDT",3451,3449,2894,-557
LDWP,"8/21/2021 5 p.m. PDT",3609,3474,2779,-831
LDWP,"8/21/2021 6 p.m. PDT",3505,3468,2761,-743
LDWP,"8/21/2021 7 p.m. PDT",3496,3430,2774,-721
LDWP,"8/21/2021 8 p.m. PDT",3486,3306,3008,-478
LDWP,"8/21/2021 9 p.m. PDT",3479,3251,2806,-674
LDWP,"8/21/2021 10 p.m. PDT",3341,3165,2738,-604
LDWP,"8/21/2021 11 p.m. PDT",3110,2940,2730,-381
LDWP,"8/22/2021 12 a.m. PDT",2944,2718,2657,-287
LDWP,"8/22/2021 1 a.m. PDT",2792,2515,2553,-239
LDWP,"8/22/2021 2 a.m. PDT",2655,2463,2468,-187
LDWP,"8/22/2021 3 a.m. PDT",2564,2375,2407,-157
LDWP,"8/22/2021 4 a.m. PDT",2493,2307,2209,-284
LDWP,"8/22/2021 5 a.m. PDT",2458,2261,2126,-333
LDWP,"8/22/2021 6 a.m. PDT",2473,2240,2090,-383
LDWP,"8/22/2021 7 a.m. PDT",2460,2200,2112,-348
LDWP,"8/22/2021 8 a.m. PDT",2726,2204,2027,-699
LDWP,"8/22/2021 9 a.m. PDT",3068,2279,2227,-840
LDWP,"8/22/2021 10 a.m. PDT",3176,2413,2519,-657
LDWP,"8/22/2021 11 a.m. PDT",3236,2539,2655,-582
LDWP,"8/22/2021 12 p.m. PDT",3227,2677,2615,-612
LDWP,"8/22/2021 1 p.m. PDT",3091,2829,2591,-500
LDWP,"8/22/2021 2 p.m. PDT",3160,3007,2613,-547
LDWP,"8/22/2021 3 p.m. PDT",3338,3190,2744,-595
LDWP,"8/22/2021 4 p.m. PDT",3346,3348,2723,-622
LDWP,"8/22/2021 5 p.m. PDT",3414,3473,2700,-714
LDWP,"8/22/2021 6 p.m. PDT",3521,3550,3081,-440
LDWP,"8/22/2021 7 p.m. PDT",3492,3542,3199,-293
LDWP,"8/22/2021 8 p.m. PDT",3470,3495,3409,-61
LDWP,"8/22/2021 9 p.m. PDT",3473,3404,3144,-329
LDWP,"8/22/2021 10 p.m. PDT",3308,3308,2878,-429
LDWP,"8/22/2021 11 p.m. PDT",3117,3187,2822,-295
LDWP,"8/23/2021 12 a.m. PDT",2906,3011,2528,-379
LDWP,"8/23/2021 1 a.m. PDT",2698,2548,2355,-343
LDWP,"8/23/2021 2 a.m. PDT",2566,2481,2308,-258
LDWP,"8/23/2021 3 a.m. PDT",2478,2373,2237,-241
LDWP,"8/23/2021 4 a.m. PDT",2441,2285,2180,-261
LDWP,"8/23/2021 5 a.m. PDT",2473,2288,2205,-268
LDWP,"8/23/2021 6 a.m. PDT",2572,2325,2311,-261
LDWP,"8/23/2021 7 a.m. PDT",2707,2403,2378,-329
LDWP,"8/23/2021 8 a.m. PDT",2853,2510,2594,-259
LDWP,"8/23/2021 9 a.m. PDT",3258,2670,2701,-557
LDWP,"8/23/2021 10 a.m. PDT",3396,2847,2883,-513
LDWP,"8/23/2021 11 a.m. PDT",3492,3003,2964,-528
LDWP,"8/23/2021 12 p.m. PDT",3539,3166,2923,-616
LDWP,"8/23/2021 1 p.m. PDT",3439,3350,2968,-471
LDWP,"8/23/2021 2 p.m. PDT",3514,3563,3118,-397
LDWP,"8/23/2021 3 p.m. PDT",3686,3785,3382,-304
LDWP,"8/23/2021 4 p.m. PDT",3858,3976,3532,-325
LDWP,"8/23/2021 5 p.m. PDT",3956,4150,3633,-323
LDWP,"8/23/2021 6 p.m. PDT",3974,4149,3676,-299
LDWP,"8/23/2021 7 p.m. PDT",3885,4134,3746,-139
LDWP,"8/23/2021 8 p.m. PDT",3805,4032,3925,120
LDWP,"8/23/2021 9 p.m. PDT",3761,3848,3917,157
LDWP,"8/23/2021 10 p.m. PDT",3579,3676,3800,221
LDWP,"8/23/2021 11 p.m. PDT",3275,3489,3668,394
LDWP,"8/24/2021 12 a.m. PDT",3014,3241,3035,21
LDWP,"8/24/2021 1 a.m. PDT",2692,2391,2575,-148
LDWP,"8/24/2021 2 a.m. PDT",2503,2253,2295,-259
LDWP,"8/24/2021 3 a.m. PDT",2404,2161,2308,-139
LDWP,"8/24/2021 4 a.m. PDT",2338,2103,2251,-131
LDWP,"8/24/2021 5 a.m. PDT",2343,2105,2223,-162
LDWP,"8/24/2021 6 a.m. PDT",2486,2180,2294,-196
LDWP,"8/24/2021 7 a.m. PDT",2691,2282,2462,-209
LDWP,"8/24/2021 8 a.m. PDT",2756,2405,2748,-25
LDWP,"8/24/2021 9 a.m. PDT",3084,2584,2845,-317
LDWP,"8/24/2021 10 a.m. PDT",3227,2710,2992,-346
LDWP,"8/24/2021 11 a.m. PDT",3362,2822,3008,-473
LDWP,"8/24/2021 12 p.m. PDT",3477,3005,3029,-571
LDWP,"8/24/2021 1 p.m. PDT",3372,3180,3083,-412
LDWP,"8/24/2021 2 p.m. PDT",3495,3402,3098,-534
LDWP,"8/24/2021 3 p.m. PDT",3715,3590,3272,-582
LDWP,"8/24/2021 4 p.m. PDT",3893,3756,3408,-607
LDWP,"8/24/2021 5 p.m. PDT",4006,3829,3515,-609
LDWP,"8/24/2021 6 p.m. PDT",4039,3824,3471,-676
LDWP,"8/24/2021 7 p.m. PDT",3918,3660,3511,-480
LDWP,"8/24/2021 8 p.m. PDT",3792,3491,3736,-122
LDWP,"8/24/2021 9 p.m. PDT",3760,3375,3615,-205
LDWP,"8/24/2021 10 p.m. PDT",3574,3155,3321,-289
LDWP,"8/24/2021 11 p.m. PDT",3258,2909,2984,-292
LDWP,"8/25/2021 12 a.m. PDT",3002,2669,2703,-311
LDWP,"8/25/2021 1 a.m. PDT",2972,,2721,-257
LDWP,"8/25/2021 2 a.m. PDT",2856,,2542,-307
LDWP,"8/25/2021 3 a.m. PDT",2753,,2421,-322
LDWP,"8/25/2021 4 a.m. PDT",2684,,2395,-276
LDWP,"8/25/2021 5 a.m. PDT",2687,,2391,-283
LDWP,"8/25/2021 6 a.m. PDT",2770,,2415,-347
LDWP,"8/25/2021 7 a.m. PDT",2722,,2545,-144
LDWP,"8/25/2021 8 a.m. PDT",2864,,2770,-70
LDWP,"8/25/2021 9 a.m. PDT",2972,,2773,-252
LDWP,"8/25/2021 10 a.m. PDT",3135,,3021,-197
LDWP,"8/25/2021 11 a.m. PDT",3312,,3176,-241
LDWP,"8/25/2021 12 p.m. PDT",3486,,3234,-375
LDWP,"8/25/2021 1 p.m. PDT",3706,,3444,-406
LDWP,"8/25/2021 2 p.m. PDT",4053,,3979,-173
LDWP,"8/25/2021 3 p.m. PDT",4287,,4504,116
LDWP,"8/25/2021 4 p.m. PDT",4434,,4787,235
LDWP,"8/25/2021 5 p.m. PDT",4637,,4832,69
LDWP,"8/25/2021 6 p.m. PDT",4663,,4883,110
LDWP,"8/25/2021 7 p.m. PDT",4460,,4788,255
LDWP,"8/25/2021 8 p.m. PDT",4290,,4293,-41
LDWP,"8/25/2021 9 p.m. PDT",4184,,3815,-435
LDWP,"8/25/2021 10 p.m. PDT",3901,,3638,-316
LDWP,"8/25/2021 11 p.m. PDT",3545,,3356,-215
LDWP,"8/26/2021 12 a.m. PDT",3198,,3060,-153
LDWP,"8/26/2021 1 a.m. PDT",2923,,2504,-478
LDWP,"8/26/2021 2 a.m. PDT",2728,,2297,-491
LDWP,"8/26/2021 3 a.m. PDT",2611,,2173,-491
LDWP,"8/26/2021 4 a.m. PDT",2525,,2132,-439
LDWP,"8/26/2021 5 a.m. PDT",2478,,2153,-382
LDWP,"8/26/2021 6 a.m. PDT",2590,,2402,-248
LDWP,"8/26/2021 7 a.m. PDT",2859,,2860,-19
LDWP,"8/26/2021 8 a.m. PDT",2924,,2966,-33
LDWP,"8/26/2021 9 a.m. PDT",3084,,3097,-103
LDWP,"8/26/2021 10 a.m. PDT",3307,,2997,-454
LDWP,"8/26/2021 11 a.m. PDT",3542,,3164,-552
LDWP,"8/26/2021 12 p.m. PDT",3847,,3264,-757
LDWP,"8/26/2021 1 p.m. PDT",4210,,3454,-956
LDWP,"8/26/2021 2 p.m. PDT",4595,,3570,-1254
LDWP,"8/26/2021 3 p.m. PDT",4835,,3580,-1508
LDWP,"8/26/2021 4 p.m. PDT",4991,,3657,-1576
LDWP,"8/26/2021 5 p.m. PDT",5110,,4039,-1274
LDWP,"8/26/2021 6 p.m. PDT",5073,,3829,-1467
LDWP,"8/26/2021 7 p.m. PDT",4743,,3891,-1050
LDWP,"8/26/2021 8 p.m. PDT",4524,,4056,-597
LDWP,"8/26/2021 9 p.m. PDT",4361,,3702,-749
LDWP,"8/26/2021 10 p.m. PDT",4008,,3624,-469
LDWP,"8/26/2021 11 p.m. PDT",3681,,3364,-355
LDWP,"8/27/2021 12 a.m. PDT",3334,,3056,-345
LDWP,"8/27/2021 1 a.m. PDT",2994,,2837,-227
LDWP,"8/27/2021 2 a.m. PDT",2793,,2436,-422
LDWP,"8/27/2021 3 a.m. PDT",2605,,2180,-484
LDWP,"8/27/2021 4 a.m. PDT",2507,,2079,-488
LDWP,"8/27/2021 5 a.m. PDT",2482,,2014,-524
LDWP,"8/27/2021 6 a.m. PDT",2636,,2215,-475
LDWP,"8/27/2021 7 a.m. PDT",2804,,2648,-176
LDWP,"8/27/2021 8 a.m. PDT",2901,,2617,-358
LDWP,"8/27/2021 9 a.m. PDT",3125,,2837,-351
LDWP,"8/27/2021 10 a.m. PDT",3300,,2909,-509
LDWP,"8/27/2021 11 a.m. PDT",3517,,3174,-510
LDWP,"8/27/2021 12 p.m. PDT",3784,,3252,-710
LDWP,"8/27/2021 1 p.m. PDT",4167,,3448,-874
LDWP,"8/27/2021 2 p.m. PDT",4527,,3858,-831
LDWP,"8/27/2021 3 p.m. PDT",4842,,4551,-423
LDWP,"8/27/2021 4 p.m. PDT",5054,,5066,-123
LDWP,"8/27/2021 5 p.m. PDT",5144,,5204,-76
LDWP,"8/27/2021 6 p.m. PDT",5183,,5016,-291
LDWP,"8/27/2021 7 p.m. PDT",4890,,5119,148
LDWP,"8/27/2021 8 p.m. PDT",4622,,5061,389
LDWP,"8/27/2021 9 p.m. PDT",4426,,4749,293
LDWP,"8/27/2021 10 p.m. PDT",4031,,4279,195
LDWP,"8/27/2021 11 p.m. PDT",3705,,3811,72
LDWP,"8/28/2021 12 a.m. PDT",3421,,3757,316
LDWP,"8/28/2021 1 a.m. PDT",3393,,3698,293
LDWP,"8/28/2021 2 a.m. PDT",3126,,3366,177
LDWP,"8/28/2021 3 a.m. PDT",2935,,3218,220
LDWP,"8/28/2021 4 a.m. PDT",2807,,2958,95
LDWP,"8/28/2021 5 a.m. PDT",2741,,2723,-73
LDWP,"8/28/2021 6 a.m. PDT",2767,,2594,-225
LDWP,"8/28/2021 7 a.m. PDT",2800,,2633,-222
LDWP,"8/28/2021 8 a.m. PDT",2834,,2754,-145
LDWP,"8/28/2021 9 a.m. PDT",2981,,2731,-338
LDWP,"8/28/2021 10 a.m. PDT",3143,,2725,-533
LDWP,"8/28/2021 11 a.m. PDT",3389,,2784,-737
LDWP,"8/28/2021 12 p.m. PDT",3668,,2945,-869
LDWP,"8/28/2021 1 p.m. PDT",3951,,3196,-936
LDWP,"8/28/2021 2 p.m. PDT",4043,,3829,-379
LDWP,"8/28/2021 3 p.m. PDT",4319,,4405,-61
LDWP,"8/28/2021 4 p.m. PDT",4536,,4588,-47
LDWP,"8/28/2021 5 p.m. PDT",4674,,4852,87
LDWP,"8/28/2021 6 p.m. PDT",4626,,4803,110
LDWP,"8/28/2021 7 p.m. PDT",4427,,4562,102
LDWP,"8/28/2021 8 p.m. PDT",4209,,4399,168
LDWP,"8/28/2021 9 p.m. PDT",4011,,4247,176
LDWP,"8/28/2021 10 p.m. PDT",3739,,3909,117
LDWP,"8/28/2021 11 p.m. PDT",3475,,3587,85
LDWP,"8/29/2021 12 a.m. PDT",3236,,3535,283
LDWP,"8/29/2021 1 a.m. PDT",2996,,3220,207
LDWP,"8/29/2021 2 a.m. PDT",2968,,2893,-96
LDWP,"8/29/2021 3 a.m. PDT",2798,,2631,-228
LDWP,"8/29/2021 4 a.m. PDT",2923,,2594,-393
LDWP,"8/29/2021 5 a.m. PDT",2912,,2705,-261
LDWP,"8/29/2021 6 a.m. PDT",2910,,2985,21
LDWP,"8/29/2021 7 a.m. PDT",2898,,3105,158
LDWP,"8/29/2021 8 a.m. PDT",2886,,3223,281
LDWP,"8/29/2021 9 a.m. PDT",2987,,3171,108
LDWP,"8/29/2021 10 a.m. PDT",3142,,3059,-177
LDWP,"8/29/2021 11 a.m. PDT",3361,,3100,-391
LDWP,"8/29/2021 12 p.m. PDT",3412,,3305,-264
LDWP,"8/29/2021 1 p.m. PDT",3501,,3606,-67
LDWP,"8/29/2021 2 p.m. PDT",3835,,3944,-43
LDWP,"8/29/2021 3 p.m. PDT",4146,,4374,114
LDWP,"8/29/2021 4 p.m. PDT",4326,,4762,324
LDWP,"8/29/2021 5 p.m. PDT",4477,,4944,384
LDWP,"8/29/2021 6 p.m. PDT",4440,,4919,414
LDWP,"8/29/2021 7 p.m. PDT",4313,,4734,389
LDWP,"8/29/2021 8 p.m. PDT",4142,,4593,444
LDWP,"8/29/2021 9 p.m. PDT",4011,,4428,367
LDWP,"8/29/2021 10 p.m. PDT",3812,,4126,258
LDWP,"8/29/2021 11 p.m. PDT",3559,,3886,301
LDWP,"8/30/2021 12 a.m. PDT",3267,,3499,213
LDWP,"8/30/2021 1 a.m. PDT",2962,2697,3330,324
LDWP,"8/30/2021 2 a.m. PDT",2804,2531,3419,586
LDWP,"8/30/2021 3 a.m. PDT",2633,2419,3254,557
LDWP,"8/30/2021 4 a.m. PDT",2574,2371,3297,654
LDWP,"8/30/2021 5 a.m. PDT",2612,2359,3386,725
LDWP,"8/30/2021 6 a.m. PDT",2750,2467,3490,729
LDWP,"8/30/2021 7 a.m. PDT",2973,2631,3578,583
LDWP,"8/30/2021 8 a.m. PDT",3060,2732,3689,557
LDWP,"8/30/2021 9 a.m. PDT",3216,2909,3569,227
LDWP,"8/30/2021 10 a.m. PDT",3395,3052,3345,-196
LDWP,"8/30/2021 11 a.m. PDT",3590,3180,3293,-460
LDWP,"8/30/2021 12 p.m. PDT",3776,3436,3446,-494
LDWP,"8/30/2021 1 p.m. PDT",3991,3683,3743,-415
LDWP,"8/30/2021 2 p.m. PDT",4279,3797,4381,5
LDWP,"8/30/2021 3 p.m. PDT",4437,3969,4614,88
LDWP,"8/30/2021 4 p.m. PDT",4560,4123,4838,188
LDWP,"8/30/2021 5 p.m. PDT",4567,4212,4831,184
LDWP,"8/30/2021 6 p.m. PDT",4527,4205,4771,179
LDWP,"8/30/2021 7 p.m. PDT",4304,4031,4640,299
LDWP,"8/30/2021 8 p.m. PDT",4088,3886,4316,209
LDWP,"8/30/2021 9 p.m. PDT",3930,3738,3940,-65
LDWP,"8/30/2021 10 p.m. PDT",3678,3502,3675,-56
LDWP,"8/30/2021 11 p.m. PDT",3423,3232,3597,141
LDWP,"8/31/2021 12 a.m. PDT",3152,2975,3319,126
LDWP,"8/31/2021 1 a.m. PDT",2852,2695,3124,206
LDWP,"8/31/2021 2 a.m. PDT",2665,2532,2837,103
LDWP,"8/31/2021 3 a.m. PDT",2561,2428,2492,-132
LDWP,"8/31/2021 4 a.m. PDT",2738,2370,2371,-429
LDWP,"8/31/2021 5 a.m. PDT",2759,2376,2455,-364
LDWP,"8/31/2021 6 a.m. PDT",2897,2463,2805,-131
LDWP,"8/31/2021 7 a.m. PDT",3193,2608,3153,-35
LDWP,"8/31/2021 8 a.m. PDT",3331,2747,3669,339
LDWP,"8/31/2021 9 a.m. PDT",3507,2938,4256,727
LDWP,"8/31/2021 10 a.m. PDT",3809,3080,4716,863
LDWP,"8/31/2021 11 a.m. PDT",3831,3196,4301,352
LDWP,"8/31/2021 12 p.m. PDT",3972,3369,4297,235
LDWP,"8/31/2021 1 p.m. PDT",3688,3530,4247,477
LDWP,"8/31/2021 2 p.m. PDT",3756,3717,4120,234
LDWP,"8/31/2021 3 p.m. PDT",3856,3905,4244,331
LDWP,"8/31/2021 4 p.m. PDT",3753,4018,4028,233
LDWP,"8/31/2021 5 p.m. PDT",3649,4062,3950,264
LDWP,"8/31/2021 6 p.m. PDT",3647,4026,3893,215
LDWP,"8/31/2021 7 p.m. PDT",3556,3836,3541,-61
LDWP,"8/31/2021 8 p.m. PDT",3579,3694,3417,-216
LDWP,"8/31/2021 9 p.m. PDT",3543,3575,3398,-201
LDWP,"8/31/2021 10 p.m. PDT",3398,3372,3278,-168
LDWP,"8/31/2021 11 p.m. PDT",3192,3125,3226,21
LDWP,"9/1/2021 12 a.m. PDT",2953,2893,2899,-93
